{"cameraMode":{"drawMode":0,"name":"Shaded","section":"Shading Mode"},"sceneLighting":true,"audioPlay":false,"sceneViewState":{"showFog":true,"showMaterialUpdate":false,"showSkybox":true,"showFlares":true,"showImageEffects":true,"showParticleSystems":true,"showVisualEffectGraphs":true,"m_FxEnabled":true},"in2DMode":false,"pivot":{"x":-7.032904148101807,"y":4.250136852264404,"z":12.73362922668457},"rotation":{"x":-0.007300921715795994,"y":0.924624502658844,"z":0.017746062949299814,"w":0.38039663434028628},"size":0.8367058634757996,"orthographic":false}